{
    "providers": [
        {
            "type": "bitmap",
            "file": "edofishing:item/fish/ajolote_blanco.png",
            "ascent": 7,
            "height": 8,
            "chars": [
                "\uE001"
            ]
        },
        {
            "type": "bitmap",
            "file": "edofishing:item/fish/aldeano_buzo.png",
            "ascent": 7,
            "height": 8,
            "chars": [
                "\uE002"
            ]
        },
        {
            "type": "bitmap",
            "file": "edofishing:item/fish/bacalao.png",
            "ascent": 7,
            "height": 8,
            "chars": [
                "\uE003"
            ]
        },
        {
            "type": "bitmap",
            "file": "edofishing:item/fish/calamar.png",
            "ascent": 7,
            "height": 8,
            "chars": [
                "\uE004"
            ]
        },
        {
            "type": "bitmap",
            "file": "edofishing:item/fish/calamar_brillante.png",
            "ascent": 7,
            "height": 8,
            "chars": [
                "\uE005"
            ]
        },
        {
            "type": "bitmap",
            "file": "edofishing:item/fish/caracol_petreo.png",
            "ascent": 7,
            "height": 8,
            "chars": [
                "\uE006"
            ]
        },
        {
            "type": "bitmap",
            "file": "edofishing:item/fish/esqueleto_buzo.png",
            "ascent": 7,
            "height": 8,
            "chars": [
                "\uE007"
            ]
        },
        {
            "type": "bitmap",
            "file": "edofishing:item/fish/gallina.png",
            "ascent": 7,
            "height": 8,
            "chars": [
                "\uE008"
            ]
        },
        {
            "type": "bitmap",
            "file": "edofishing:item/fish/medusa_champinon.png",
            "ascent": 7,
            "height": 8,
            "chars": [
                "\uE009"
            ]
        },
        {
            "type": "bitmap",
            "file": "edofishing:item/fish/pez_esqueleto.png",
            "ascent": 7,
            "height": 8,
            "chars": [
                "\uE00A"
            ]
        },
        {
            "type": "bitmap",
            "file": "edofishing:item/fish/pez_luminoso.png",
            "ascent": 7,
            "height": 8,
            "chars": [
                "\uE00B"
            ]
        },
        {
            "type": "bitmap",
            "file": "edofishing:item/fish/pez_tropical.png",
            "ascent": 7,
            "height": 8,
            "chars": [
                "\uE00C"
            ]
        },
        {
            "type": "bitmap",
            "file": "edofishing:item/fish/pez_unicornio.png",
            "ascent": 7,
            "height": 8,
            "chars": [
                "\uE00D"
            ]
        },
        {
            "type": "bitmap",
            "file": "edofishing:item/fish/pez_zanahoria.png",
            "ascent": 7,
            "height": 8,
            "chars": [
                "\uE00E"
            ]
        },
        {
            "type": "bitmap",
            "file": "edofishing:item/fish/pez_lenteja_comun.png",
            "ascent": 7,
            "height": 8,
            "chars": [
                "\uE00F"
            ]
        },
        {
            "type": "bitmap",
            "file": "edofishing:item/fish/salmon.png",
            "ascent": 7,
            "height": 8,
            "chars": [
                "\uE010"
            ]
        },
        {
            "type": "bitmap",
            "file": "edofishing:item/fish/sanguijuela.png",
            "ascent": 7,
            "height": 8,
            "chars": [
                "\uE011"
            ]
        },
        {
            "type": "bitmap",
            "file": "edofishing:item/fish/zombi_buzo.png",
            "ascent": 7,
            "height": 8,
            "chars": [
                "\uE012"
            ]
        },
        {
            "type": "bitmap",
            "file": "edofishing:item/fish/blenny_de_pestanas.png",
            "ascent": 7,
            "height": 8,
            "chars": [
                "\uE013"
            ]
        },
        {
            "type": "bitmap",
            "file": "edofishing:item/fish/pepino_infernal.png",
            "ascent": 7,
            "height": 8,
            "chars": [
                "\uE014"
            ]
        },
        {
            "type": "bitmap",
            "file": "edofishing:item/fish/pez_damisela_ying_yang.png",
            "ascent": 7,
            "height": 8,
            "chars": [
                "\uE015"
            ]
        },
        {
            "type": "bitmap",
            "file": "edofishing:item/fish/cachama_negra.png",
            "ascent": 7,
            "height": 8,
            "chars": [
                "\uE016"
            ]
        },
        {
            "type": "bitmap",
            "file": "edofishing:item/fish/cangrejo_ermitano_blanco.png",
            "ascent": 7,
            "height": 8,
            "chars": [
                "\uE017"
            ]
        },
        {
            "type": "bitmap",
            "file": "edofishing:item/fish/pez_tigre_carmesi.png",
            "ascent": 7,
            "height": 8,
            "chars": [
                "\uE018"
            ]
        },
        {
            "type": "bitmap",
            "file": "edofishing:item/fish/pirana_carnosa.png",
            "ascent": 7,
            "height": 8,
            "chars": [
                "\uE019"
            ]
        },
        {
            "type": "bitmap",
            "file": "edofishing:item/fish/raya_de_rio.png",
            "ascent": 7,
            "height": 8,
            "chars": [
                "\uE01A"
            ]
        },
        {
            "type": "bitmap",
            "file": "edofishing:item/fish/tilapia_del_nilo.png",
            "ascent": 7,
            "height": 8,
            "chars": [
                "\uE01B"
            ]
        },
        {
            "type": "bitmap",
            "file": "edofishing:item/fish/abadejo.png",
            "ascent": 7,
            "height": 8,
            "chars": [
                "\uE01C"
            ]
        },
        {
            "type": "bitmap",
            "file": "edofishing:item/fish/pez_cofre_palido.png",
            "ascent": 7,
            "height": 8,
            "chars": [
                "\uE01D"
            ]
        },
        {
            "type": "bitmap",
            "file": "edofishing:item/fish/pez_globo_blanco.png",
            "ascent": 7,
            "height": 8,
            "chars": [
                "\uE01E"
            ]
        },
        {
            "type": "bitmap",
            "file": "edofishing:item/fish/pez_globo.png",
            "ascent": 7,
            "height": 8,
            "chars": [
                "\uE01F"
            ]
        },
        {
            "type": "bitmap",
            "file": "edofishing:item/fish/pleco_triple_giro.png",
            "ascent": 7,
            "height": 8,
            "chars": [
                "\uE020"
            ]
        },
        {
            "type": "bitmap",
            "file": "edofishing:item/fish/pulpo_blanco.png",
            "ascent": 7,
            "height": 8,
            "chars": [
                "\uE021"
            ]
        },
        {
            "type": "bitmap",
            "file": "edofishing:item/fish/ajolote_rojo.png",
            "ascent": 7,
            "height": 8,
            "chars": [
                "\uE0C9"
            ]
        },
        {
            "type": "bitmap",
            "file": "edofishing:item/fish/arowana_asiatica.png",
            "ascent": 7,
            "height": 8,
            "chars": [
                "\uE0CA"
            ]
        },
        {
            "type": "bitmap",
            "file": "edofishing:item/fish/calamar_flecha.png",
            "ascent": 7,
            "height": 8,
            "chars": [
                "\uE0CB"
            ]
        },
        {
            "type": "bitmap",
            "file": "edofishing:item/fish/cangrejo_de_rio_europeo.png",
            "ascent": 7,
            "height": 8,
            "chars": [
                "\uE0CC"
            ]
        },
        {
            "type": "bitmap",
            "file": "edofishing:item/fish/cangrejo_rojo.png",
            "ascent": 7,
            "height": 8,
            "chars": [
                "\uE0CD"
            ]
        },
        {
            "type": "bitmap",
            "file": "edofishing:item/fish/caracol_carmesi.png",
            "ascent": 7,
            "height": 8,
            "chars": [
                "\uE0CE"
            ]
        },
        {
            "type": "bitmap",
            "file": "edofishing:item/fish/carpa_aurea.png",
            "ascent": 7,
            "height": 8,
            "chars": [
                "\uE0CF"
            ]
        },
        {
            "type": "bitmap",
            "file": "edofishing:item/fish/carpa_koi.png",
            "ascent": 7,
            "height": 8,
            "chars": [
                "\uE0D0"
            ]
        },
        {
            "type": "bitmap",
            "file": "edofishing:item/fish/champipollo.png",
            "ascent": 7,
            "height": 8,
            "chars": [
                "\uE0D1"
            ]
        },
        {
            "type": "bitmap",
            "file": "edofishing:item/fish/champivaca_roja.png",
            "ascent": 7,
            "height": 8,
            "chars": [
                "\uE0D2"
            ]
        },
        {
            "type": "bitmap",
            "file": "edofishing:item/fish/estrella_de_mar_roja.png",
            "ascent": 7,
            "height": 8,
            "chars": [
                "\uE0D3"
            ]
        },
        {
            "type": "bitmap",
            "file": "edofishing:item/fish/gamba.png",
            "ascent": 7,
            "height": 8,
            "chars": [
                "\uE0D4"
            ]
        },
        {
            "type": "bitmap",
            "file": "edofishing:item/fish/medusa_champinon_roja.png",
            "ascent": 7,
            "height": 8,
            "chars": [
                "\uE0D5"
            ]
        },
        {
            "type": "bitmap",
            "file": "edofishing:item/fish/pez_champinon_rojo.png",
            "ascent": 7,
            "height": 8,
            "chars": [
                "\uE0D6"
            ]
        },
        {
            "type": "bitmap",
            "file": "edofishing:item/fish/pez_lenteja_singular.png",
            "ascent": 7,
            "height": 8,
            "chars": [
                "\uE0D7"
            ]
        },
        {
            "type": "bitmap",
            "file": "edofishing:item/fish/pez_magma.png",
            "ascent": 7,
            "height": 8,
            "chars": [
                "\uE0D8"
            ]
        },
        {
            "type": "bitmap",
            "file": "edofishing:item/fish/pez_remolacha.png",
            "ascent": 7,
            "height": 8,
            "chars": [
                "\uE0D9"
            ]
        },
        {
            "type": "bitmap",
            "file": "edofishing:item/fish/pirana.png",
            "ascent": 7,
            "height": 8,
            "chars": [
                "\uE0DA"
            ]
        },
        {
            "type": "bitmap",
            "file": "edofishing:item/fish/gobio_fuego_rojo.png",
            "ascent": 7,
            "height": 8,
            "chars": [
                "\uE0DB"
            ]
        },
        {
            "type": "bitmap",
            "file": "edofishing:item/fish/pez_payaso.png",
            "ascent": 7,
            "height": 8,
            "chars": [
                "\uE0DC"
            ]
        },
        {
            "type": "bitmap",
            "file": "edofishing:item/fish/salmon_carmesi.png",
            "ascent": 7,
            "height": 8,
            "chars": [
                "\uE0DD"
            ]
        },
        {
            "type": "bitmap",
            "file": "edofishing:item/fish/anguila_carmesi.png",
            "ascent": 7,
            "height": 8,
            "chars": [
                "\uE0DE"
            ]
        },
        {
            "type": "bitmap",
            "file": "edofishing:item/fish/cangrejo_ermitano_rojo.png",
            "ascent": 7,
            "height": 8,
            "chars": [
                "\uE0DF"
            ]
        },
        {
            "type": "bitmap",
            "file": "edofishing:item/fish/gamba_de_rio.png",
            "ascent": 7,
            "height": 8,
            "chars": [
                "\uE0E0"
            ]
        },
        {
            "type": "bitmap",
            "file": "edofishing:item/fish/pez_leon.png",
            "ascent": 7,
            "height": 8,
            "chars": [
                "\uE0E1"
            ]
        },
        {
            "type": "bitmap",
            "file": "edofishing:item/fish/pez_roca.png",
            "ascent": 7,
            "height": 8,
            "chars": [
                "\uE0E2"
            ]
        },
        {
            "type": "bitmap",
            "file": "edofishing:item/fish/trucha_magmatica.png",
            "ascent": 7,
            "height": 8,
            "chars": [
                "\uE0E3"
            ]
        },
        {
            "type": "bitmap",
            "file": "edofishing:item/fish/gobio_ambar.png",
            "ascent": 7,
            "height": 8,
            "chars": [
                "\uE0E4"
            ]
        },
        {
            "type": "bitmap",
            "file": "edofishing:item/fish/pez_ardilla.png",
            "ascent": 7,
            "height": 8,
            "chars": [
                "\uE0E5"
            ]
        },
        {
            "type": "bitmap",
            "file": "edofishing:item/fish/pez_globo_rojo.png",
            "ascent": 7,
            "height": 8,
            "chars": [
                "\uE0E6"
            ]
        },
        {
            "type": "bitmap",
            "file": "edofishing:item/fish/medusa_roja.png",
            "ascent": 7,
            "height": 8,
            "chars": [
                "\uE0E7"
            ]
        },
        {
            "type": "bitmap",
            "file": "edofishing:item/fish/pez_cerdo_rojo.png",
            "ascent": 7,
            "height": 8,
            "chars": [
                "\uE0E8"
            ]
        },
        {
            "type": "bitmap",
            "file": "edofishing:item/fish/pulpo_rojo.png",
            "ascent": 7,
            "height": 8,
            "chars": [
                "\uE0E9"
            ]
        },
        {
            "type": "bitmap",
            "file": "edofishing:item/fish/ajolote_amarillo.png",
            "ascent": 7,
            "height": 8,
            "chars": [
                "\uE12D"
            ]
        },
        {
            "type": "bitmap",
            "file": "edofishing:item/fish/anguila_marmorata.png",
            "ascent": 7,
            "height": 8,
            "chars": [
                "\uE12E"
            ]
        },
        {
            "type": "bitmap",
            "file": "edofishing:item/fish/caracol_arenoso.png",
            "ascent": 7,
            "height": 8,
            "chars": [
                "\uE12F"
            ]
        },
        {
            "type": "bitmap",
            "file": "edofishing:item/fish/estrella_de_mar_amarilla.png",
            "ascent": 7,
            "height": 8,
            "chars": [
                "\uE130"
            ]
        },
        {
            "type": "bitmap",
            "file": "edofishing:item/fish/mahi_mahi_dorado.png",
            "ascent": 7,
            "height": 8,
            "chars": [
                "\uE131"
            ]
        },
        {
            "type": "bitmap",
            "file": "edofishing:item/fish/medusa_electrica.png",
            "ascent": 7,
            "height": 8,
            "chars": [
                "\uE132"
            ]
        },
        {
            "type": "bitmap",
            "file": "edofishing:item/fish/pez_aguja.png",
            "ascent": 7,
            "height": 8,
            "chars": [
                "\uE133"
            ]
        },
        {
            "type": "bitmap",
            "file": "edofishing:item/fish/pez_blaze.png",
            "ascent": 7,
            "height": 8,
            "chars": [
                "\uE134"
            ]
        },
        {
            "type": "bitmap",
            "file": "edofishing:item/fish/pez_cara_de_zorro.png",
            "ascent": 7,
            "height": 8,
            "chars": [
                "\uE135"
            ]
        },
        {
            "type": "bitmap",
            "file": "edofishing:item/fish/pez_cofre_amarillo.png",
            "ascent": 7,
            "height": 8,
            "chars": [
                "\uE136"
            ]
        },
        {
            "type": "bitmap",
            "file": "edofishing:item/fish/pez_cofre_cornudo.png",
            "ascent": 7,
            "height": 8,
            "chars": [
                "\uE137"
            ]
        },
        {
            "type": "bitmap",
            "file": "edofishing:item/fish/pez_diablo_abandonado.png",
            "ascent": 7,
            "height": 8,
            "chars": [
                "\uE138"
            ]
        },
        {
            "type": "bitmap",
            "file": "edofishing:item/fish/pez_dorado.png",
            "ascent": 7,
            "height": 8,
            "chars": [
                "\uE139"
            ]
        },
        {
            "type": "bitmap",
            "file": "edofishing:item/fish/pez_flamigero.png",
            "ascent": 7,
            "height": 8,
            "chars": [
                "\uE13A"
            ]
        },
        {
            "type": "bitmap",
            "file": "edofishing:item/fish/pez_lenteja_raro.png",
            "ascent": 7,
            "height": 8,
            "chars": [
                "\uE13B"
            ]
        },
        {
            "type": "bitmap",
            "file": "edofishing:item/fish/pez_leopardo.png",
            "ascent": 7,
            "height": 8,
            "chars": [
                "\uE13C"
            ]
        },
        {
            "type": "bitmap",
            "file": "edofishing:item/fish/pez_mariposa.png",
            "ascent": 7,
            "height": 8,
            "chars": [
                "\uE13D"
            ]
        },
        {
            "type": "bitmap",
            "file": "edofishing:item/fish/pez_trigo.png",
            "ascent": 7,
            "height": 8,
            "chars": [
                "\uE13E"
            ]
        },
        {
            "type": "bitmap",
            "file": "edofishing:item/fish/barbo_tigre.png",
            "ascent": 7,
            "height": 8,
            "chars": [
                "\uE13F"
            ]
        },
        {
            "type": "bitmap",
            "file": "edofishing:item/fish/pez_coral_fundido.png",
            "ascent": 7,
            "height": 8,
            "chars": [
                "\uE140"
            ]
        },
        {
            "type": "bitmap",
            "file": "edofishing:item/fish/pez_tenedor.png",
            "ascent": 7,
            "height": 8,
            "chars": [
                "\uE141"
            ]
        },
        {
            "type": "bitmap",
            "file": "edofishing:item/fish/cangrejo_ermitano_amarillo.png",
            "ascent": 7,
            "height": 8,
            "chars": [
                "\uE142"
            ]
        },
        {
            "type": "bitmap",
            "file": "edofishing:item/fish/carpa_koi_de_aleta_llameante.png",
            "ascent": 7,
            "height": 8,
            "chars": [
                "\uE143"
            ]
        },
        {
            "type": "bitmap",
            "file": "edofishing:item/fish/medusa_amarilla.png",
            "ascent": 7,
            "height": 8,
            "chars": [
                "\uE144"
            ]
        },
        {
            "type": "bitmap",
            "file": "edofishing:item/fish/pez_fosil.png",
            "ascent": 7,
            "height": 8,
            "chars": [
                "\uE145"
            ]
        },
        {
            "type": "bitmap",
            "file": "edofishing:item/fish/pez_mariposa_de_aleta_moteada.png",
            "ascent": 7,
            "height": 8,
            "chars": [
                "\uE146"
            ]
        },
        {
            "type": "bitmap",
            "file": "edofishing:item/fish/pez_plentialeta_ambar.png",
            "ascent": 7,
            "height": 8,
            "chars": [
                "\uE147"
            ]
        },
        {
            "type": "bitmap",
            "file": "edofishing:item/fish/anguila_pelicano.png",
            "ascent": 7,
            "height": 8,
            "chars": [
                "\uE148"
            ]
        },
        {
            "type": "bitmap",
            "file": "edofishing:item/fish/cangrejo_ermitano_arenoso.png",
            "ascent": 7,
            "height": 8,
            "chars": [
                "\uE149"
            ]
        },
        {
            "type": "bitmap",
            "file": "edofishing:item/fish/pez_globo_amarillo.png",
            "ascent": 7,
            "height": 8,
            "chars": [
                "\uE14A"
            ]
        },
        {
            "type": "bitmap",
            "file": "edofishing:item/fish/pez_sol.png",
            "ascent": 7,
            "height": 8,
            "chars": [
                "\uE14B"
            ]
        },
        {
            "type": "bitmap",
            "file": "edofishing:item/fish/pulpo_amarillo.png",
            "ascent": 7,
            "height": 8,
            "chars": [
                "\uE14C"
            ]
        },
        {
            "type": "bitmap",
            "file": "edofishing:item/fish/raya_electrica.png",
            "ascent": 7,
            "height": 8,
            "chars": [
                "\uE14D"
            ]
        },
        {
            "type": "bitmap",
            "file": "edofishing:item/fish/ajolote_ahogado.png",
            "ascent": 7,
            "height": 8,
            "chars": [
                "\uE191"
            ]
        },
        {
            "type": "bitmap",
            "file": "edofishing:item/fish/ajolote_verde.png",
            "ascent": 7,
            "height": 8,
            "chars": [
                "\uE192"
            ]
        },
        {
            "type": "bitmap",
            "file": "edofishing:item/fish/atun_aleta_amarilla.png",
            "ascent": 7,
            "height": 8,
            "chars": [
                "\uE193"
            ]
        },
        {
            "type": "bitmap",
            "file": "edofishing:item/fish/caracol_musgoso.png",
            "ascent": 7,
            "height": 8,
            "chars": [
                "\uE194"
            ]
        },
        {
            "type": "bitmap",
            "file": "edofishing:item/fish/champivaca_marron.png",
            "ascent": 7,
            "height": 8,
            "chars": [
                "\uE195"
            ]
        },
        {
            "type": "bitmap",
            "file": "edofishing:item/fish/estrella_de_mar_verde.png",
            "ascent": 7,
            "height": 8,
            "chars": [
                "\uE196"
            ]
        },
        {
            "type": "bitmap",
            "file": "edofishing:item/fish/gamba_volcanica.png",
            "ascent": 7,
            "height": 8,
            "chars": [
                "\uE197"
            ]
        },
        {
            "type": "bitmap",
            "file": "edofishing:item/fish/lobina_negra.png",
            "ascent": 7,
            "height": 8,
            "chars": [
                "\uE198"
            ]
        },
        {
            "type": "bitmap",
            "file": "edofishing:item/fish/lucio_europeo.png",
            "ascent": 7,
            "height": 8,
            "chars": [
                "\uE199"
            ]
        },
        {
            "type": "bitmap",
            "file": "edofishing:item/fish/medusa_champinon_verde.png",
            "ascent": 7,
            "height": 8,
            "chars": [
                "\uE19A"
            ]
        },
        {
            "type": "bitmap",
            "file": "edofishing:item/fish/pepino_de_mar.png",
            "ascent": 7,
            "height": 8,
            "chars": [
                "\uE19B"
            ]
        },
        {
            "type": "bitmap",
            "file": "edofishing:item/fish/pez_champinon_marron.png",
            "ascent": 7,
            "height": 8,
            "chars": [
                "\uE19C"
            ]
        },
        {
            "type": "bitmap",
            "file": "edofishing:item/fish/pez_hacha_de_almas.png",
            "ascent": 7,
            "height": 8,
            "chars": [
                "\uE19D"
            ]
        },
        {
            "type": "bitmap",
            "file": "edofishing:item/fish/pez_lenteja_epico.png",
            "ascent": 7,
            "height": 8,
            "chars": [
                "\uE19E"
            ]
        },
        {
            "type": "bitmap",
            "file": "edofishing:item/fish/pez_pipa.png",
            "ascent": 7,
            "height": 8,
            "chars": [
                "\uE19F"
            ]
        },
        {
            "type": "bitmap",
            "file": "edofishing:item/fish/pez_sandia.png",
            "ascent": 7,
            "height": 8,
            "chars": [
                "\uE1A0"
            ]
        },
        {
            "type": "bitmap",
            "file": "edofishing:item/fish/pez_slime.png",
            "ascent": 7,
            "height": 8,
            "chars": [
                "\uE1A1"
            ]
        },
        {
            "type": "bitmap",
            "file": "edofishing:item/fish/tortuga_kinosternon_marron.png",
            "ascent": 7,
            "height": 8,
            "chars": [
                "\uE1A2"
            ]
        },
        {
            "type": "bitmap",
            "file": "edofishing:item/fish/barbo_distorsionado.png",
            "ascent": 7,
            "height": 8,
            "chars": [
                "\uE1A3"
            ]
        },
        {
            "type": "bitmap",
            "file": "edofishing:item/fish/barbo_marinero.png",
            "ascent": 7,
            "height": 8,
            "chars": [
                "\uE1A4"
            ]
        },
        {
            "type": "bitmap",
            "file": "edofishing:item/fish/nautilo.png",
            "ascent": 7,
            "height": 8,
            "chars": [
                "\uE1A5"
            ]
        },
        {
            "type": "bitmap",
            "file": "edofishing:item/fish/cangrejo_ermitano_verde.png",
            "ascent": 7,
            "height": 8,
            "chars": [
                "\uE1A6"
            ]
        },
        {
            "type": "bitmap",
            "file": "edofishing:item/fish/pez_cofre_fangoso.png",
            "ascent": 7,
            "height": 8,
            "chars": [
                "\uE1A7"
            ]
        },
        {
            "type": "bitmap",
            "file": "edofishing:item/fish/pez_crema_de_magma.png",
            "ascent": 7,
            "height": 8,
            "chars": [
                "\uE1A8"
            ]
        },
        {
            "type": "bitmap",
            "file": "edofishing:item/fish/pez_plentialeta_aceitunado.png",
            "ascent": 7,
            "height": 8,
            "chars": [
                "\uE1A9"
            ]
        },
        {
            "type": "bitmap",
            "file": "edofishing:item/fish/pez_salpicadura_rojiza.png",
            "ascent": 7,
            "height": 8,
            "chars": [
                "\uE1AA"
            ]
        },
        {
            "type": "bitmap",
            "file": "edofishing:item/fish/pez_saltador_de_azufre.png",
            "ascent": 7,
            "height": 8,
            "chars": [
                "\uE1AB"
            ]
        },
        {
            "type": "bitmap",
            "file": "edofishing:item/fish/pez_globo_mutante.png",
            "ascent": 7,
            "height": 8,
            "chars": [
                "\uE1AC"
            ]
        },
        {
            "type": "bitmap",
            "file": "edofishing:item/fish/pez_globo_verde.png",
            "ascent": 7,
            "height": 8,
            "chars": [
                "\uE1AD"
            ]
        },
        {
            "type": "bitmap",
            "file": "edofishing:item/fish/pez_piedra.png",
            "ascent": 7,
            "height": 8,
            "chars": [
                "\uE1AE"
            ]
        },
        {
            "type": "bitmap",
            "file": "edofishing:item/fish/pez_platija.png",
            "ascent": 7,
            "height": 8,
            "chars": [
                "\uE1AF"
            ]
        },
        {
            "type": "bitmap",
            "file": "edofishing:item/fish/pulpo_verde.png",
            "ascent": 7,
            "height": 8,
            "chars": [
                "\uE1B0"
            ]
        },
        {
            "type": "bitmap",
            "file": "edofishing:item/fish/tortuga_kinosternon_verde.png",
            "ascent": 7,
            "height": 8,
            "chars": [
                "\uE1B1"
            ]
        },
        {
            "type": "bitmap",
            "file": "edofishing:item/fish/ajolote_azul.png",
            "ascent": 7,
            "height": 8,
            "chars": [
                "\uE1F5"
            ]
        },
        {
            "type": "bitmap",
            "file": "edofishing:item/fish/ajolote_sculk.png",
            "ascent": 7,
            "height": 8,
            "chars": [
                "\uE1F6"
            ]
        },
        {
            "type": "bitmap",
            "file": "edofishing:item/fish/caballito_de_lava.png",
            "ascent": 7,
            "height": 8,
            "chars": [
                "\uE1F7"
            ]
        },
        {
            "type": "bitmap",
            "file": "edofishing:item/fish/caracol_escarchado.png",
            "ascent": 7,
            "height": 8,
            "chars": [
                "\uE1F8"
            ]
        },
        {
            "type": "bitmap",
            "file": "edofishing:item/fish/erizo_de_mar_azul.png",
            "ascent": 7,
            "height": 8,
            "chars": [
                "\uE1F9"
            ]
        },
        {
            "type": "bitmap",
            "file": "edofishing:item/fish/estrella_de_mar_azul.png",
            "ascent": 7,
            "height": 8,
            "chars": [
                "\uE1FA"
            ]
        },
        {
            "type": "bitmap",
            "file": "edofishing:item/fish/langosta_azul.png",
            "ascent": 7,
            "height": 8,
            "chars": [
                "\uE1FB"
            ]
        },
        {
            "type": "bitmap",
            "file": "edofishing:item/fish/mantarraya_aguila_manchada.png",
            "ascent": 7,
            "height": 8,
            "chars": [
                "\uE1FC"
            ]
        },
        {
            "type": "bitmap",
            "file": "edofishing:item/fish/medusa_slime.png",
            "ascent": 7,
            "height": 8,
            "chars": [
                "\uE1FD"
            ]
        },
        {
            "type": "bitmap",
            "file": "edofishing:item/fish/perry_el_ornitorrinco.png",
            "ascent": 7,
            "height": 8,
            "chars": [
                "\uE1FE"
            ]
        },
        {
            "type": "bitmap",
            "file": "edofishing:item/fish/pez_angel_enano.png",
            "ascent": 7,
            "height": 8,
            "chars": [
                "\uE1FF"
            ]
        },
        {
            "type": "bitmap",
            "file": "edofishing:item/fish/pez_burbuja.png",
            "ascent": 7,
            "height": 8,
            "chars": [
                "\uE200"
            ]
        },
        {
            "type": "bitmap",
            "file": "edofishing:item/fish/pez_calabaza.png",
            "ascent": 7,
            "height": 8,
            "chars": [
                "\uE201"
            ]
        },
        {
            "type": "bitmap",
            "file": "edofishing:item/fish/pez_damisela.png",
            "ascent": 7,
            "height": 8,
            "chars": [
                "\uE202"
            ]
        },
        {
            "type": "bitmap",
            "file": "edofishing:item/fish/pez_lenteja_legendario.png",
            "ascent": 7,
            "height": 8,
            "chars": [
                "\uE203"
            ]
        },
        {
            "type": "bitmap",
            "file": "edofishing:item/fish/pez_loro_azul.png",
            "ascent": 7,
            "height": 8,
            "chars": [
                "\uE204"
            ]
        },
        {
            "type": "bitmap",
            "file": "edofishing:item/fish/pez_tormenta_crepuscular.png",
            "ascent": 7,
            "height": 8,
            "chars": [
                "\uE205"
            ]
        },
        {
            "type": "bitmap",
            "file": "edofishing:item/fish/slime_acuatico.png",
            "ascent": 7,
            "height": 8,
            "chars": [
                "\uE206"
            ]
        },
        {
            "type": "bitmap",
            "file": "edofishing:item/fish/gamba_espectral.png",
            "ascent": 7,
            "height": 8,
            "chars": [
                "\uE207"
            ]
        },
        {
            "type": "bitmap",
            "file": "edofishing:item/fish/pez_cirujano_azul.png",
            "ascent": 7,
            "height": 8,
            "chars": [
                "\uE208"
            ]
        },
        {
            "type": "bitmap",
            "file": "edofishing:item/fish/pez_cola_copo_de_nieve.png",
            "ascent": 7,
            "height": 8,
            "chars": [
                "\uE209"
            ]
        },
        {
            "type": "bitmap",
            "file": "edofishing:item/fish/arapaima.png",
            "ascent": 7,
            "height": 8,
            "chars": [
                "\uE20A"
            ]
        },
        {
            "type": "bitmap",
            "file": "edofishing:item/fish/cangrejo_ermitano_azul.png",
            "ascent": 7,
            "height": 8,
            "chars": [
                "\uE20B"
            ]
        },
        {
            "type": "bitmap",
            "file": "edofishing:item/fish/caracol_volcanico.png",
            "ascent": 7,
            "height": 8,
            "chars": [
                "\uE20C"
            ]
        },
        {
            "type": "bitmap",
            "file": "edofishing:item/fish/carpa_rinoceronte.png",
            "ascent": 7,
            "height": 8,
            "chars": [
                "\uE20D"
            ]
        },
        {
            "type": "bitmap",
            "file": "edofishing:item/fish/gusano_de_almas.png",
            "ascent": 7,
            "height": 8,
            "chars": [
                "\uE20E"
            ]
        },
        {
            "type": "bitmap",
            "file": "edofishing:item/fish/pez_resonante.png",
            "ascent": 7,
            "height": 8,
            "chars": [
                "\uE20F"
            ]
        },
        {
            "type": "bitmap",
            "file": "edofishing:item/fish/pez_volador.png",
            "ascent": 7,
            "height": 8,
            "chars": [
                "\uE210"
            ]
        },
        {
            "type": "bitmap",
            "file": "edofishing:item/fish/isopodo_gigante_nevado.png",
            "ascent": 7,
            "height": 8,
            "chars": [
                "\uE211"
            ]
        },
        {
            "type": "bitmap",
            "file": "edofishing:item/fish/pez_globo_azul.png",
            "ascent": 7,
            "height": 8,
            "chars": [
                "\uE212"
            ]
        },
        {
            "type": "bitmap",
            "file": "edofishing:item/fish/merluza_cola_de_foca.png",
            "ascent": 7,
            "height": 8,
            "chars": [
                "\uE213"
            ]
        },
        {
            "type": "bitmap",
            "file": "edofishing:item/fish/pez_luna.png",
            "ascent": 7,
            "height": 8,
            "chars": [
                "\uE214"
            ]
        },
        {
            "type": "bitmap",
            "file": "edofishing:item/fish/pulpo_azul.png",
            "ascent": 7,
            "height": 8,
            "chars": [
                "\uE215"
            ]
        },
        {
            "type": "bitmap",
            "file": "edofishing:item/fish/ajolote_amatista.png",
            "ascent": 7,
            "height": 8,
            "chars": [
                "\uE259"
            ]
        },
        {
            "type": "bitmap",
            "file": "edofishing:item/fish/ajolote_real.png",
            "ascent": 7,
            "height": 8,
            "chars": [
                "\uE25A"
            ]
        },
        {
            "type": "bitmap",
            "file": "edofishing:item/fish/anguila_basaltica.png",
            "ascent": 7,
            "height": 8,
            "chars": [
                "\uE25B"
            ]
        },
        {
            "type": "bitmap",
            "file": "edofishing:item/fish/cangrejo_ambar.png",
            "ascent": 7,
            "height": 8,
            "chars": [
                "\uE25C"
            ]
        },
        {
            "type": "bitmap",
            "file": "edofishing:item/fish/capibara.png",
            "ascent": 7,
            "height": 8,
            "chars": [
                "\uE25D"
            ]
        },
        {
            "type": "bitmap",
            "file": "edofishing:item/fish/caracol_real.png",
            "ascent": 7,
            "height": 8,
            "chars": [
                "\uE25E"
            ]
        },
        {
            "type": "bitmap",
            "file": "edofishing:item/fish/celecanto.png",
            "ascent": 7,
            "height": 8,
            "chars": [
                "\uE25F"
            ]
        },
        {
            "type": "bitmap",
            "file": "edofishing:item/fish/estrella_de_mar_real.png",
            "ascent": 7,
            "height": 8,
            "chars": [
                "\uE260"
            ]
        },
        {
            "type": "bitmap",
            "file": "edofishing:item/fish/mantarraya_real.png",
            "ascent": 7,
            "height": 8,
            "chars": [
                "\uE261"
            ]
        },
        {
            "type": "bitmap",
            "file": "edofishing:item/fish/medusa_venenosa.png",
            "ascent": 7,
            "height": 8,
            "chars": [
                "\uE262"
            ]
        },
        {
            "type": "bitmap",
            "file": "edofishing:item/fish/pez_abuela_real.png",
            "ascent": 7,
            "height": 8,
            "chars": [
                "\uE263"
            ]
        },
        {
            "type": "bitmap",
            "file": "edofishing:item/fish/pez_cabeza_transparente.png",
            "ascent": 7,
            "height": 8,
            "chars": [
                "\uE264"
            ]
        },
        {
            "type": "bitmap",
            "file": "edofishing:item/fish/pez_destructor_rosaceo.png",
            "ascent": 7,
            "height": 8,
            "chars": [
                "\uE265"
            ]
        },
        {
            "type": "bitmap",
            "file": "edofishing:item/fish/pez_espada_real.png",
            "ascent": 7,
            "height": 8,
            "chars": [
                "\uE266"
            ]
        },
        {
            "type": "bitmap",
            "file": "edofishing:item/fish/pez_espinoso.png",
            "ascent": 7,
            "height": 8,
            "chars": [
                "\uE267"
            ]
        },
        {
            "type": "bitmap",
            "file": "edofishing:item/fish/pez_lenteja_mitico.png",
            "ascent": 7,
            "height": 8,
            "chars": [
                "\uE268"
            ]
        },
        {
            "type": "bitmap",
            "file": "edofishing:item/fish/pez_patata.png",
            "ascent": 7,
            "height": 8,
            "chars": [
                "\uE269"
            ]
        },
        {
            "type": "bitmap",
            "file": "edofishing:item/fish/pez_saltaislas_amatista.png",
            "ascent": 7,
            "height": 8,
            "chars": [
                "\uE26A"
            ]
        },
        {
            "type": "bitmap",
            "file": "edofishing:item/fish/celecanto_ancestral.png",
            "ascent": 7,
            "height": 8,
            "chars": [
                "\uE26B"
            ]
        },
        {
            "type": "bitmap",
            "file": "edofishing:item/fish/congrio_real.png",
            "ascent": 7,
            "height": 8,
            "chars": [
                "\uE26C"
            ]
        },
        {
            "type": "bitmap",
            "file": "edofishing:item/fish/ostra_real.png",
            "ascent": 7,
            "height": 8,
            "chars": [
                "\uE26D"
            ]
        },
        {
            "type": "bitmap",
            "file": "edofishing:item/fish/cangrejo_ermitano_abisal.png",
            "ascent": 7,
            "height": 8,
            "chars": [
                "\uE26E"
            ]
        },
        {
            "type": "bitmap",
            "file": "edofishing:item/fish/cangrejo_ermitano_real.png",
            "ascent": 7,
            "height": 8,
            "chars": [
                "\uE26F"
            ]
        },
        {
            "type": "bitmap",
            "file": "edofishing:item/fish/erizo_de_mar_real.png",
            "ascent": 7,
            "height": 8,
            "chars": [
                "\uE270"
            ]
        },
        {
            "type": "bitmap",
            "file": "edofishing:item/fish/perca_cola_de_golondrina.png",
            "ascent": 7,
            "height": 8,
            "chars": [
                "\uE271"
            ]
        },
        {
            "type": "bitmap",
            "file": "edofishing:item/fish/pez_diablo_de_fuego.png",
            "ascent": 7,
            "height": 8,
            "chars": [
                "\uE272"
            ]
        },
        {
            "type": "bitmap",
            "file": "edofishing:item/fish/trucha_obsidiana_llorosa.png",
            "ascent": 7,
            "height": 8,
            "chars": [
                "\uE273"
            ]
        },
        {
            "type": "bitmap",
            "file": "edofishing:item/fish/champibara.png",
            "ascent": 7,
            "height": 8,
            "chars": [
                "\uE274"
            ]
        },
        {
            "type": "bitmap",
            "file": "edofishing:item/fish/pez_globo_real.png",
            "ascent": 7,
            "height": 8,
            "chars": [
                "\uE275"
            ]
        },
        {
            "type": "bitmap",
            "file": "edofishing:item/fish/pez_remo.png",
            "ascent": 7,
            "height": 8,
            "chars": [
                "\uE276"
            ]
        },
        {
            "type": "bitmap",
            "file": "edofishing:item/fish/pez_cabeza_transparente_resinoso.png",
            "ascent": 7,
            "height": 8,
            "chars": [
                "\uE277"
            ]
        },
        {
            "type": "bitmap",
            "file": "edofishing:item/fish/pez_loro_jorobado.png",
            "ascent": 7,
            "height": 8,
            "chars": [
                "\uE278"
            ]
        },
        {
            "type": "bitmap",
            "file": "edofishing:item/fish/pulpo_real.png",
            "ascent": 7,
            "height": 8,
            "chars": [
                "\uE279"
            ]
        },
        {
            "type": "bitmap",
            "file": "edofishing:item/fish/ajolote_sagrado.png",
            "ascent": 7,
            "height": 8,
            "chars": [
                "\uE2BD"
            ]
        },
        {
            "type": "bitmap",
            "file": "edofishing:item/fish/caracol_sagrado.png",
            "ascent": 7,
            "height": 8,
            "chars": [
                "\uE2BE"
            ]
        },
        {
            "type": "bitmap",
            "file": "edofishing:item/fish/estrella_de_mar_sagrada.png",
            "ascent": 7,
            "height": 8,
            "chars": [
                "\uE2BF"
            ]
        },
        {
            "type": "bitmap",
            "file": "edofishing:item/fish/medusa_sagrada.png",
            "ascent": 7,
            "height": 8,
            "chars": [
                "\uE2C0"
            ]
        },
        {
            "type": "bitmap",
            "file": "edofishing:item/fish/pez_ancienescamas_de_hueso.png",
            "ascent": 7,
            "height": 8,
            "chars": [
                "\uE2C1"
            ]
        },
        {
            "type": "bitmap",
            "file": "edofishing:item/fish/pez_baboso.png",
            "ascent": 7,
            "height": 8,
            "chars": [
                "\uE2C2"
            ]
        },
        {
            "type": "bitmap",
            "file": "edofishing:item/fish/pez_batalla_de_arena.png",
            "ascent": 7,
            "height": 8,
            "chars": [
                "\uE2C3"
            ]
        },
        {
            "type": "bitmap",
            "file": "edofishing:item/fish/pez_corazon.png",
            "ascent": 7,
            "height": 8,
            "chars": [
                "\uE2C4"
            ]
        },
        {
            "type": "bitmap",
            "file": "edofishing:item/fish/pez_crujidor_carmesi.png",
            "ascent": 7,
            "height": 8,
            "chars": [
                "\uE2C5"
            ]
        },
        {
            "type": "bitmap",
            "file": "edofishing:item/fish/pez_destructor_solar.png",
            "ascent": 7,
            "height": 8,
            "chars": [
                "\uE2C6"
            ]
        },
        {
            "type": "bitmap",
            "file": "edofishing:item/fish/pez_gota.png",
            "ascent": 7,
            "height": 8,
            "chars": [
                "\uE2C7"
            ]
        },
        {
            "type": "bitmap",
            "file": "edofishing:item/fish/pez_lenteja_divino.png",
            "ascent": 7,
            "height": 8,
            "chars": [
                "\uE2C8"
            ]
        },
        {
            "type": "bitmap",
            "file": "edofishing:item/fish/pez_plentialeta_polvo_de_hueso.png",
            "ascent": 7,
            "height": 8,
            "chars": [
                "\uE2C9"
            ]
        },
        {
            "type": "bitmap",
            "file": "edofishing:item/fish/pez_rabano.png",
            "ascent": 7,
            "height": 8,
            "chars": [
                "\uE2CA"
            ]
        },
        {
            "type": "bitmap",
            "file": "edofishing:item/fish/pez_sakura.png",
            "ascent": 7,
            "height": 8,
            "chars": [
                "\uE2CB"
            ]
        },
        {
            "type": "bitmap",
            "file": "edofishing:item/fish/pez_salpicadura_arenosa.png",
            "ascent": 7,
            "height": 8,
            "chars": [
                "\uE2CC"
            ]
        },
        {
            "type": "bitmap",
            "file": "edofishing:item/fish/pez_salpicola_oscuro.png",
            "ascent": 7,
            "height": 8,
            "chars": [
                "\uE2CD"
            ]
        },
        {
            "type": "bitmap",
            "file": "edofishing:item/fish/raya_sagrada.png",
            "ascent": 7,
            "height": 8,
            "chars": [
                "\uE2CE"
            ]
        },
        {
            "type": "bitmap",
            "file": "edofishing:item/fish/cerdo_de_mar.png",
            "ascent": 7,
            "height": 8,
            "chars": [
                "\uE2CF"
            ]
        },
        {
            "type": "bitmap",
            "file": "edofishing:item/fish/flamenco.png",
            "ascent": 7,
            "height": 8,
            "chars": [
                "\uE2D0"
            ]
        },
        {
            "type": "bitmap",
            "file": "edofishing:item/fish/pez_diablo_de_lava.png",
            "ascent": 7,
            "height": 8,
            "chars": [
                "\uE2D1"
            ]
        },
        {
            "type": "bitmap",
            "file": "edofishing:item/fish/cangrejo_ermitano_sagrado.png",
            "ascent": 7,
            "height": 8,
            "chars": [
                "\uE2D2"
            ]
        },
        {
            "type": "bitmap",
            "file": "edofishing:item/fish/medusa_burbuja.png",
            "ascent": 7,
            "height": 8,
            "chars": [
                "\uE2D3"
            ]
        },
        {
            "type": "bitmap",
            "file": "edofishing:item/fish/nautilo_aureo.png",
            "ascent": 7,
            "height": 8,
            "chars": [
                "\uE2D4"
            ]
        },
        {
            "type": "bitmap",
            "file": "edofishing:item/fish/pez_coral_cerebro.png",
            "ascent": 7,
            "height": 8,
            "chars": [
                "\uE2D5"
            ]
        },
        {
            "type": "bitmap",
            "file": "edofishing:item/fish/pez_globo_basaltico.png",
            "ascent": 7,
            "height": 8,
            "chars": [
                "\uE2D6"
            ]
        },
        {
            "type": "bitmap",
            "file": "edofishing:item/fish/pez_lagunero_de_orquideas.png",
            "ascent": 7,
            "height": 8,
            "chars": [
                "\uE2D7"
            ]
        },
        {
            "type": "bitmap",
            "file": "edofishing:item/fish/anguila_agachadiza.png",
            "ascent": 7,
            "height": 8,
            "chars": [
                "\uE2D8"
            ]
        },
        {
            "type": "bitmap",
            "file": "edofishing:item/fish/pez_caracol.png",
            "ascent": 7,
            "height": 8,
            "chars": [
                "\uE2D9"
            ]
        },
        {
            "type": "bitmap",
            "file": "edofishing:item/fish/pez_globo_sagrado.png",
            "ascent": 7,
            "height": 8,
            "chars": [
                "\uE2DA"
            ]
        },
        {
            "type": "bitmap",
            "file": "edofishing:item/fish/pez_cirujano_de_aleta_vela.png",
            "ascent": 7,
            "height": 8,
            "chars": [
                "\uE2DB"
            ]
        },
        {
            "type": "bitmap",
            "file": "edofishing:item/fish/pez_diablo_concha.png",
            "ascent": 7,
            "height": 8,
            "chars": [
                "\uE2DC"
            ]
        },
        {
            "type": "bitmap",
            "file": "edofishing:item/fish/pulpo_sagrado.png",
            "ascent": 7,
            "height": 8,
            "chars": [
                "\uE2DD"
            ]
        },
        {
            "type": "bitmap",
            "file": "edofishing:item/fish/regional/pez_asesino_moteado.png",
            "ascent": 7,
            "height": 8,
            "chars": [
                "\uE321"
            ]
        },
        {
            "type": "bitmap",
            "file": "edofishing:item/fish/regional/rata_gerfasiana_one.png",
            "ascent": 7,
            "height": 8,
            "chars": [
                "\uE322"
            ]
        },
        {
            "type": "bitmap",
            "file": "edofishing:item/fish/regional/renacuajo_luminoso.png",
            "ascent": 7,
            "height": 8,
            "chars": [
                "\uE323"
            ]
        },
        {
            "type": "bitmap",
            "file": "edofishing:item/fish/regional/pez_cerezo.png",
            "ascent": 7,
            "height": 8,
            "chars": [
                "\uE324"
            ]
        },
        {
            "type": "bitmap",
            "file": "edofishing:item/fish/pirate_treasure/bacalao_de_oro.png",
            "ascent": 7,
            "height": 8,
            "chars": [
                "\uE3E9"
            ]
        },
        {
            "type": "bitmap",
            "file": "edofishing:item/fish/pirate_treasure/calamar_de_oro.png",
            "ascent": 7,
            "height": 8,
            "chars": [
                "\uE3EA"
            ]
        },
        {
            "type": "bitmap",
            "file": "edofishing:item/fish/pirate_treasure/cangrejo_ermitano_de_oro.png",
            "ascent": 7,
            "height": 8,
            "chars": [
                "\uE3EB"
            ]
        },
        {
            "type": "bitmap",
            "file": "edofishing:item/fish/pirate_treasure/creeper_de_oro.png",
            "ascent": 7,
            "height": 8,
            "chars": [
                "\uE3EC"
            ]
        },
        {
            "type": "bitmap",
            "file": "edofishing:item/fish/pirate_treasure/mono_de_oro.png",
            "ascent": 7,
            "height": 8,
            "chars": [
                "\uE3ED"
            ]
        },
        {
            "type": "bitmap",
            "file": "edofishing:item/fish/pirate_treasure/pez_globo_de_oro.png",
            "ascent": 7,
            "height": 8,
            "chars": [
                "\uE3EE"
            ]
        },
        {
            "type": "bitmap",
            "file": "edofishing:item/fish/pirate_treasure/pez_gota_de_oro.png",
            "ascent": 7,
            "height": 8,
            "chars": [
                "\uE3EF"
            ]
        },
        {
            "type": "bitmap",
            "file": "edofishing:item/fish/pirate_treasure/pez_tropical_de_oro.png",
            "ascent": 7,
            "height": 8,
            "chars": [
                "\uE3F0"
            ]
        },
        {
            "type": "bitmap",
            "file": "edofishing:item/fish/pirate_treasure/salmon_de_oro.png",
            "ascent": 7,
            "height": 8,
            "chars": [
                "\uE3F1"
            ]
        },
        {
            "type": "bitmap",
            "file": "edofishing:item/fish/edoween/anchoa_de_gominola.png",
            "ascent": 7,
            "height": 8,
            "chars": [
                "\uE44D"
            ]
        },
        {
            "type": "bitmap",
            "file": "edofishing:item/fish/edoween/arana.png",
            "ascent": 7,
            "height": 8,
            "chars": [
                "\uE44E"
            ]
        },
        {
            "type": "bitmap",
            "file": "edofishing:item/fish/edoween/bacalao_espeluznante.png",
            "ascent": 7,
            "height": 8,
            "chars": [
                "\uE44F"
            ]
        },
        {
            "type": "bitmap",
            "file": "edofishing:item/fish/edoween/bruja_picarona.png",
            "ascent": 7,
            "height": 8,
            "chars": [
                "\uE450"
            ]
        },
        {
            "type": "bitmap",
            "file": "edofishing:item/fish/edoween/diablillo.png",
            "ascent": 7,
            "height": 8,
            "chars": [
                "\uE451"
            ]
        },
        {
            "type": "bitmap",
            "file": "edofishing:item/fish/edoween/fantasma.png",
            "ascent": 7,
            "height": 8,
            "chars": [
                "\uE452"
            ]
        },
        {
            "type": "bitmap",
            "file": "edofishing:item/fish/edoween/gato_negro.png",
            "ascent": 7,
            "height": 8,
            "chars": [
                "\uE453"
            ]
        },
        {
            "type": "bitmap",
            "file": "edofishing:item/fish/edoween/mandragora.png",
            "ascent": 7,
            "height": 8,
            "chars": [
                "\uE454"
            ]
        },
        {
            "type": "bitmap",
            "file": "edofishing:item/fish/edoween/mimico.png",
            "ascent": 7,
            "height": 8,
            "chars": [
                "\uE455"
            ]
        },
        {
            "type": "bitmap",
            "file": "edofishing:item/fish/edoween/murcielago.png",
            "ascent": 7,
            "height": 8,
            "chars": [
                "\uE456"
            ]
        },
        {
            "type": "bitmap",
            "file": "edofishing:item/fish/edoween/ojo_de_ciclope.png",
            "ascent": 7,
            "height": 8,
            "chars": [
                "\uE457"
            ]
        },
        {
            "type": "bitmap",
            "file": "edofishing:item/fish/edoween/parca.png",
            "ascent": 7,
            "height": 8,
            "chars": [
                "\uE458"
            ]
        },
        {
            "type": "bitmap",
            "file": "edofishing:item/fish/edoween/pez_globo_de_chicle.png",
            "ascent": 7,
            "height": 8,
            "chars": [
                "\uE459"
            ]
        },
        {
            "type": "bitmap",
            "file": "edofishing:item/fish/edoween/pirana_zombi.png",
            "ascent": 7,
            "height": 8,
            "chars": [
                "\uE45A"
            ]
        },
        {
            "type": "bitmap",
            "file": "edofishing:item/fish/edoween/rana_bruja.png",
            "ascent": 7,
            "height": 8,
            "chars": [
                "\uE45B"
            ]
        },
        {
            "type": "bitmap",
            "file": "edofishing:item/fish/edoween/evil_rana.png",
            "ascent": 7,
            "height": 8,
            "chars": [
                "\uE45C"
            ]
        },
        {
            "type": "bitmap",
            "file": "edofishing:item/fish/edoween/rata.png",
            "ascent": 7,
            "height": 8,
            "chars": [
                "\uE45D"
            ]
        },
        {
            "type": "bitmap",
            "file": "edofishing:item/fish/edoween/slime_de_azucar.png",
            "ascent": 7,
            "height": 8,
            "chars": [
                "\uE45E"
            ]
        },
        {
            "type": "bitmap",
            "file": "edofishing:item/fish/edoween/mini_gran_calabaza.png",
            "ascent": 7,
            "height": 8,
            "chars": [
                "\uE45F"
            ]
        },
        {
            "type": "bitmap",
            "file": "edofishing:item/fish/edoween/boo.png",
            "ascent": 7,
            "height": 8,
            "chars": [
                "\uE460"
            ]
        },
        {
            "type": "bitmap",
            "file": "edofishing:item/fish/edoxmas/barbo_nevado.png",
            "ascent": 7,
            "height": 8,
            "chars": [
                "\uE4B1"
            ]
        },
        {
            "type": "bitmap",
            "file": "edofishing:item/fish/edoxmas/estrella_de_mar_de_jengibre.png",
            "ascent": 7,
            "height": 8,
            "chars": [
                "\uE4B2"
            ]
        },
        {
            "type": "bitmap",
            "file": "edofishing:item/fish/edoxmas/estrella_de_mar_polar.png",
            "ascent": 7,
            "height": 8,
            "chars": [
                "\uE4B3"
            ]
        },
        {
            "type": "bitmap",
            "file": "edofishing:item/fish/edoxmas/muneco_de_jengibre.png",
            "ascent": 7,
            "height": 8,
            "chars": [
                "\uE4B4"
            ]
        },
        {
            "type": "bitmap",
            "file": "edofishing:item/fish/edoxmas/muneco_de_nieve.png",
            "ascent": 7,
            "height": 8,
            "chars": [
                "\uE4B5"
            ]
        },
        {
            "type": "bitmap",
            "file": "edofishing:item/fish/edoxmas/pez_bola_de_nieve.png",
            "ascent": 7,
            "height": 8,
            "chars": [
                "\uE4B6"
            ]
        },
        {
            "type": "bitmap",
            "file": "edofishing:item/fish/edoxmas/pez_carambano.png",
            "ascent": 7,
            "height": 8,
            "chars": [
                "\uE4B7"
            ]
        },
        {
            "type": "bitmap",
            "file": "edofishing:item/fish/edoxmas/pez_christmas_tree.png",
            "ascent": 7,
            "height": 8,
            "chars": [
                "\uE4B8"
            ]
        },
        {
            "type": "bitmap",
            "file": "edofishing:item/fish/edoxmas/pez_foquito.png",
            "ascent": 7,
            "height": 8,
            "chars": [
                "\uE4B9"
            ]
        },
        {
            "type": "bitmap",
            "file": "edofishing:item/fish/edoxmas/pez_foquito_multicolor_one.png",
            "ascent": 7,
            "height": 8,
            "chars": [
                "\uE4BA"
            ]
        },
        {
            "type": "bitmap",
            "file": "edofishing:item/fish/edoxmas/pez_globo_de_nieve.png",
            "ascent": 7,
            "height": 8,
            "chars": [
                "\uE4BB"
            ]
        },
        {
            "type": "bitmap",
            "file": "edofishing:item/fish/edoxmas/pez_pino.png",
            "ascent": 7,
            "height": 8,
            "chars": [
                "\uE4BC"
            ]
        },
        {
            "type": "bitmap",
            "file": "edofishing:item/fish/edoxmas/pez_pipa_glacial.png",
            "ascent": 7,
            "height": 8,
            "chars": [
                "\uE4BD"
            ]
        },
        {
            "type": "bitmap",
            "file": "edofishing:item/fish/edoxmas/pez_platija_escarchado.png",
            "ascent": 7,
            "height": 8,
            "chars": [
                "\uE4BE"
            ]
        },
        {
            "type": "bitmap",
            "file": "edofishing:item/fish/edoxmas/pez_regalo.png",
            "ascent": 7,
            "height": 8,
            "chars": [
                "\uE4BF"
            ]
        },
        {
            "type": "bitmap",
            "file": "edofishing:item/fish/edoxmas/pinguino_guaton.png",
            "ascent": 7,
            "height": 8,
            "chars": [
                "\uE4C0"
            ]
        },
        {
            "type": "bitmap",
            "file": "edofishing:item/fish/edoxmas/rana_invernal.png",
            "ascent": 7,
            "height": 8,
            "chars": [
                "\uE4C1"
            ]
        },
        {
            "type": "bitmap",
            "file": "edofishing:item/fish/edoxmas/salmon_cunao.png",
            "ascent": 7,
            "height": 8,
            "chars": [
                "\uE4C2"
            ]
        },
        {
            "type": "bitmap",
            "file": "edofishing:item/fish/edovalentines/ballena_carmesi.png",
            "ascent": 7,
            "height": 8,
            "chars": [
                "\uE515"
            ]
        },
        {
            "type": "bitmap",
            "file": "edofishing:item/fish/edovalentines/carpa_koi_del_amor.png",
            "ascent": 7,
            "height": 8,
            "chars": [
                "\uE516"
            ]
        },
        {
            "type": "bitmap",
            "file": "edofishing:item/fish/edovalentines/medusa_corazon.png",
            "ascent": 7,
            "height": 8,
            "chars": [
                "\uE517"
            ]
        },
        {
            "type": "bitmap",
            "file": "edofishing:item/fish/edovalentines/oso_de_peluche.png",
            "ascent": 7,
            "height": 8,
            "chars": [
                "\uE518"
            ]
        },
        {
            "type": "bitmap",
            "file": "edofishing:item/fish/edovalentines/pez_barra_de_chocolate.png",
            "ascent": 7,
            "height": 8,
            "chars": [
                "\uE519"
            ]
        },
        {
            "type": "bitmap",
            "file": "edofishing:item/fish/edovalentines/pez_chocofresa.png",
            "ascent": 7,
            "height": 8,
            "chars": [
                "\uE51A"
            ]
        },
        {
            "type": "bitmap",
            "file": "edofishing:item/fish/edovalentines/pez_cupido.png",
            "ascent": 7,
            "height": 8,
            "chars": [
                "\uE51B"
            ]
        },
        {
            "type": "bitmap",
            "file": "edofishing:item/fish/edovalentines/pez_ramo.png",
            "ascent": 7,
            "height": 8,
            "chars": [
                "\uE51C"
            ]
        },
        {
            "type": "bitmap",
            "file": "edofishing:item/fish/edovalentines/rana_elegante.png",
            "ascent": 7,
            "height": 8,
            "chars": [
                "\uE51D"
            ]
        },
        {
            "type": "bitmap",
            "file": "edofishing:item/fish/edocarnival/bacalao_globo.png",
            "ascent": 7,
            "height": 8,
            "chars": [
                "\uE579"
            ]
        },
        {
            "type": "bitmap",
            "file": "edofishing:item/fish/edocarnival/lorito_azul.png",
            "ascent": 7,
            "height": 8,
            "chars": [
                "\uE57A"
            ]
        },
        {
            "type": "bitmap",
            "file": "edofishing:item/fish/edocarnival/pez_confeti_one.png",
            "ascent": 7,
            "height": 8,
            "chars": [
                "\uE57B"
            ]
        },
        {
            "type": "bitmap",
            "file": "edofishing:item/fish/edocarnival/pez_globo_globo.png",
            "ascent": 7,
            "height": 8,
            "chars": [
                "\uE57C"
            ]
        },
        {
            "type": "bitmap",
            "file": "edofishing:item/fish/edocarnival/pez_pinata.png",
            "ascent": 7,
            "height": 8,
            "chars": [
                "\uE57D"
            ]
        },
        {
            "type": "bitmap",
            "file": "edofishing:item/fish/edocarnival/plumana.png",
            "ascent": 7,
            "height": 8,
            "chars": [
                "\uE57E"
            ]
        },
        {
            "type": "bitmap",
            "file": "edofishing:item/fish/edocarnival/rana_carnavalera.png",
            "ascent": 7,
            "height": 8,
            "chars": [
                "\uE57F"
            ]
        },
        {
            "type": "bitmap",
            "file": "edofishing:item/fish/edocarnival/serpientina.png",
            "ascent": 7,
            "height": 8,
            "chars": [
                "\uE580"
            ]
        },
        {
            "type": "bitmap",
            "file": "edofishing:item/fish/edocarnival/tiburon_confeti_one.png",
            "ascent": 7,
            "height": 8,
            "chars": [
                "\uE581"
            ]
        },
        {
            "type": "bitmap",
            "file": "edofishing:item/fish/edospring/conejo_allay.png",
            "ascent": 7,
            "height": 8,
            "chars": [
                "\uE5DD"
            ]
        },
        {
            "type": "bitmap",
            "file": "edofishing:item/fish/edospring/conejo_amarillo.png",
            "ascent": 7,
            "height": 8,
            "chars": [
                "\uE5DE"
            ]
        },
        {
            "type": "bitmap",
            "file": "edofishing:item/fish/edospring/conejo_amatista.png",
            "ascent": 7,
            "height": 8,
            "chars": [
                "\uE5DF"
            ]
        },
        {
            "type": "bitmap",
            "file": "edofishing:item/fish/edospring/conejo_arcilloso.png",
            "ascent": 7,
            "height": 8,
            "chars": [
                "\uE5E0"
            ]
        },
        {
            "type": "bitmap",
            "file": "edofishing:item/fish/edospring/conejo_arenoso.png",
            "ascent": 7,
            "height": 8,
            "chars": [
                "\uE5E1"
            ]
        },
        {
            "type": "bitmap",
            "file": "edofishing:item/fish/edospring/conejo_asesino.png",
            "ascent": 7,
            "height": 8,
            "chars": [
                "\uE5E2"
            ]
        },
        {
            "type": "bitmap",
            "file": "edofishing:item/fish/edospring/conejo_azalea_florecida.png",
            "ascent": 7,
            "height": 8,
            "chars": [
                "\uE5E3"
            ]
        },
        {
            "type": "bitmap",
            "file": "edofishing:item/fish/edospring/conejo_basaltico.png",
            "ascent": 7,
            "height": 8,
            "chars": [
                "\uE5E4"
            ]
        },
        {
            "type": "bitmap",
            "file": "edofishing:item/fish/edospring/conejo_blanco.png",
            "ascent": 7,
            "height": 8,
            "chars": [
                "\uE5E5"
            ]
        },
        {
            "type": "bitmap",
            "file": "edofishing:item/fish/edospring/conejo_calcareo.png",
            "ascent": 7,
            "height": 8,
            "chars": [
                "\uE5E6"
            ]
        },
        {
            "type": "bitmap",
            "file": "edofishing:item/fish/edospring/conejo_carmesi_one.png",
            "ascent": 7,
            "height": 8,
            "chars": [
                "\uE5E7"
            ]
        },
        {
            "type": "bitmap",
            "file": "edofishing:item/fish/edospring/conejo_champinon_rojo.png",
            "ascent": 7,
            "height": 8,
            "chars": [
                "\uE5E8"
            ]
        },
        {
            "type": "bitmap",
            "file": "edofishing:item/fish/edospring/conejo_cobrizo.png",
            "ascent": 7,
            "height": 8,
            "chars": [
                "\uE5E9"
            ]
        },
        {
            "type": "bitmap",
            "file": "edofishing:item/fish/edospring/conejo_crema_de_magma.png",
            "ascent": 7,
            "height": 8,
            "chars": [
                "\uE5EA"
            ]
        },
        {
            "type": "bitmap",
            "file": "edofishing:item/fish/edospring/conejo_dimensional_one.png",
            "ascent": 7,
            "height": 8,
            "chars": [
                "\uE5EB"
            ]
        },
        {
            "type": "bitmap",
            "file": "edofishing:item/fish/edospring/conejo_distorsionado_one.png",
            "ascent": 7,
            "height": 8,
            "chars": [
                "\uE5EC"
            ]
        },
        {
            "type": "bitmap",
            "file": "edofishing:item/fish/edospring/conejo_esqueleto.png",
            "ascent": 7,
            "height": 8,
            "chars": [
                "\uE5ED"
            ]
        },
        {
            "type": "bitmap",
            "file": "edofishing:item/fish/edospring/conejo_glacial.png",
            "ascent": 7,
            "height": 8,
            "chars": [
                "\uE5EE"
            ]
        },
        {
            "type": "bitmap",
            "file": "edofishing:item/fish/edospring/conejo_helado.png",
            "ascent": 7,
            "height": 8,
            "chars": [
                "\uE5EF"
            ]
        },
        {
            "type": "bitmap",
            "file": "edofishing:item/fish/edospring/conejo_infernal.png",
            "ascent": 7,
            "height": 8,
            "chars": [
                "\uE5F0"
            ]
        },
        {
            "type": "bitmap",
            "file": "edofishing:item/fish/edospring/conejo_karstico.png",
            "ascent": 7,
            "height": 8,
            "chars": [
                "\uE5F1"
            ]
        },
        {
            "type": "bitmap",
            "file": "edofishing:item/fish/edospring/conejo_magmatico_one.png",
            "ascent": 7,
            "height": 8,
            "chars": [
                "\uE5F2"
            ]
        },
        {
            "type": "bitmap",
            "file": "edofishing:item/fish/edospring/conejo_marron.png",
            "ascent": 7,
            "height": 8,
            "chars": [
                "\uE5F3"
            ]
        },
        {
            "type": "bitmap",
            "file": "edofishing:item/fish/edospring/conejo_meloso.png",
            "ascent": 7,
            "height": 8,
            "chars": [
                "\uE5F4"
            ]
        },
        {
            "type": "bitmap",
            "file": "edofishing:item/fish/edospring/conejo_moteado.png",
            "ascent": 7,
            "height": 8,
            "chars": [
                "\uE5F5"
            ]
        },
        {
            "type": "bitmap",
            "file": "edofishing:item/fish/edospring/conejo_musgoso.png",
            "ascent": 7,
            "height": 8,
            "chars": [
                "\uE5F6"
            ]
        },
        {
            "type": "bitmap",
            "file": "edofishing:item/fish/edospring/conejo_negro.png",
            "ascent": 7,
            "height": 8,
            "chars": [
                "\uE5F7"
            ]
        },
        {
            "type": "bitmap",
            "file": "edofishing:item/fish/edospring/conejo_podzolico.png",
            "ascent": 7,
            "height": 8,
            "chars": [
                "\uE5F8"
            ]
        },
        {
            "type": "bitmap",
            "file": "edofishing:item/fish/edospring/conejo_resinoso.png",
            "ascent": 7,
            "height": 8,
            "chars": [
                "\uE5F9"
            ]
        },
        {
            "type": "bitmap",
            "file": "edofishing:item/fish/edospring/conejo_sal_y_pimienta.png",
            "ascent": 7,
            "height": 8,
            "chars": [
                "\uE5FA"
            ]
        },
        {
            "type": "bitmap",
            "file": "edofishing:item/fish/edospring/conejo_sculk_one.png",
            "ascent": 7,
            "height": 8,
            "chars": [
                "\uE5FB"
            ]
        },
        {
            "type": "bitmap",
            "file": "edofishing:item/fish/edospring/conejo_slime.png",
            "ascent": 7,
            "height": 8,
            "chars": [
                "\uE5FC"
            ]
        },
        {
            "type": "bitmap",
            "file": "edofishing:item/fish/edospring/conejo_terracota.png",
            "ascent": 7,
            "height": 8,
            "chars": [
                "\uE5FD"
            ]
        },
        {
            "type": "bitmap",
            "file": "edofishing:item/fish/edospring/conejo_toast.png",
            "ascent": 7,
            "height": 8,
            "chars": [
                "\uE5FE"
            ]
        },
        {
            "type": "bitmap",
            "file": "edofishing:item/fish/edospring/conejo_tobaceo.png",
            "ascent": 7,
            "height": 8,
            "chars": [
                "\uE5FF"
            ]
        },
        {
            "type": "bitmap",
            "file": "edofishing:item/fish/edospring/conejo_tronco_de_cerezo.png",
            "ascent": 7,
            "height": 8,
            "chars": [
                "\uE600"
            ]
        },
        {
            "type": "bitmap",
            "file": "edofishing:item/fish/edospring/conejo_verdigris.png",
            "ascent": 7,
            "height": 8,
            "chars": [
                "\uE601"
            ]
        },
        {
            "type": "bitmap",
            "file": "edofishing:item/fish/edospring/conejo_jeb_one.png",
            "ascent": 7,
            "height": 8,
            "chars": [
                "\uE602"
            ]
        },
        {
            "type": "bitmap",
            "file": "edofishing:item/fish/edospring/conejo_lanudo_blanco.png",
            "ascent": 7,
            "height": 8,
            "chars": [
                "\uE603"
            ]
        },
        {
            "type": "bitmap",
            "file": "edofishing:item/fish/edospring/conejo_lanudo_gris_claro.png",
            "ascent": 7,
            "height": 8,
            "chars": [
                "\uE604"
            ]
        },
        {
            "type": "bitmap",
            "file": "edofishing:item/fish/edospring/conejo_lanudo_gris.png",
            "ascent": 7,
            "height": 8,
            "chars": [
                "\uE605"
            ]
        },
        {
            "type": "bitmap",
            "file": "edofishing:item/fish/edospring/conejo_lanudo_negro.png",
            "ascent": 7,
            "height": 8,
            "chars": [
                "\uE606"
            ]
        },
        {
            "type": "bitmap",
            "file": "edofishing:item/fish/edospring/conejo_lanudo_marron.png",
            "ascent": 7,
            "height": 8,
            "chars": [
                "\uE607"
            ]
        },
        {
            "type": "bitmap",
            "file": "edofishing:item/fish/edospring/conejo_lanudo_rojo.png",
            "ascent": 7,
            "height": 8,
            "chars": [
                "\uE608"
            ]
        },
        {
            "type": "bitmap",
            "file": "edofishing:item/fish/edospring/conejo_lanudo_naranja.png",
            "ascent": 7,
            "height": 8,
            "chars": [
                "\uE609"
            ]
        },
        {
            "type": "bitmap",
            "file": "edofishing:item/fish/edospring/conejo_lanudo_amarillo.png",
            "ascent": 7,
            "height": 8,
            "chars": [
                "\uE60A"
            ]
        },
        {
            "type": "bitmap",
            "file": "edofishing:item/fish/edospring/conejo_lanudo_verde_lima.png",
            "ascent": 7,
            "height": 8,
            "chars": [
                "\uE60B"
            ]
        },
        {
            "type": "bitmap",
            "file": "edofishing:item/fish/edospring/conejo_lanudo_verde.png",
            "ascent": 7,
            "height": 8,
            "chars": [
                "\uE60C"
            ]
        },
        {
            "type": "bitmap",
            "file": "edofishing:item/fish/edospring/conejo_lanudo_cian.png",
            "ascent": 7,
            "height": 8,
            "chars": [
                "\uE60D"
            ]
        },
        {
            "type": "bitmap",
            "file": "edofishing:item/fish/edospring/conejo_lanudo_celeste.png",
            "ascent": 7,
            "height": 8,
            "chars": [
                "\uE60E"
            ]
        },
        {
            "type": "bitmap",
            "file": "edofishing:item/fish/edospring/conejo_lanudo_azul.png",
            "ascent": 7,
            "height": 8,
            "chars": [
                "\uE60F"
            ]
        },
        {
            "type": "bitmap",
            "file": "edofishing:item/fish/edospring/conejo_lanudo_morado.png",
            "ascent": 7,
            "height": 8,
            "chars": [
                "\uE610"
            ]
        },
        {
            "type": "bitmap",
            "file": "edofishing:item/fish/edospring/conejo_lanudo_magenta.png",
            "ascent": 7,
            "height": 8,
            "chars": [
                "\uE611"
            ]
        },
        {
            "type": "bitmap",
            "file": "edofishing:item/fish/edospring/conejo_lanudo_rosa.png",
            "ascent": 7,
            "height": 8,
            "chars": [
                "\uE612"
            ]
        },
        {
            "type": "bitmap",
            "file": "edofishing:item/fish/edospring/mariposa_arcoiris.png",
            "ascent": 7,
            "height": 8,
            "chars": [
                "\uE641"
            ]
        },
        {
            "type": "bitmap",
            "file": "edofishing:item/fish/edospring/marisa_la_abeja.png",
            "ascent": 7,
            "height": 8,
            "chars": [
                "\uE642"
            ]
        },
        {
            "type": "bitmap",
            "file": "edofishing:item/fish/edospring/peep.png",
            "ascent": 7,
            "height": 8,
            "chars": [
                "\uE643"
            ]
        },
        {
            "type": "bitmap",
            "file": "edofishing:item/fish/edospring/pez_huevo_globo.png",
            "ascent": 7,
            "height": 8,
            "chars": [
                "\uE644"
            ]
        },
        {
            "type": "bitmap",
            "file": "edofishing:item/fish/edospring/rana_primaveral.png",
            "ascent": 7,
            "height": 8,
            "chars": [
                "\uE645"
            ]
        },
        {
            "type": "bitmap",
            "file": "edofishing:item/fish/edosummer/cono_dulce_de_leche.png",
            "ascent": 7,
            "height": 8,
            "chars": [
                "\uE6A5"
            ]
        },
        {
            "type": "bitmap",
            "file": "edofishing:item/fish/edosummer/cono_tramontana.png",
            "ascent": 7,
            "height": 8,
            "chars": [
                "\uE6A6"
            ]
        },
        {
            "type": "bitmap",
            "file": "edofishing:item/fish/edosummer/cono_chocolate_marroc.png",
            "ascent": 7,
            "height": 8,
            "chars": [
                "\uE6A7"
            ]
        },
        {
            "type": "bitmap",
            "file": "edofishing:item/fish/edosummer/cono_cafe.png",
            "ascent": 7,
            "height": 8,
            "chars": [
                "\uE6A8"
            ]
        },
        {
            "type": "bitmap",
            "file": "edofishing:item/fish/edosummer/cono_chocolate_negro.png",
            "ascent": 7,
            "height": 8,
            "chars": [
                "\uE6A9"
            ]
        },
        {
            "type": "bitmap",
            "file": "edofishing:item/fish/edosummer/cono_chocolate_con_leche.png",
            "ascent": 7,
            "height": 8,
            "chars": [
                "\uE6AA"
            ]
        },
        {
            "type": "bitmap",
            "file": "edofishing:item/fish/edosummer/cono_vainilla.png",
            "ascent": 7,
            "height": 8,
            "chars": [
                "\uE6AB"
            ]
        },
        {
            "type": "bitmap",
            "file": "edofishing:item/fish/edosummer/cono_caramelo.png",
            "ascent": 7,
            "height": 8,
            "chars": [
                "\uE6AC"
            ]
        },
        {
            "type": "bitmap",
            "file": "edofishing:item/fish/edosummer/cono_nube.png",
            "ascent": 7,
            "height": 8,
            "chars": [
                "\uE6AD"
            ]
        },
        {
            "type": "bitmap",
            "file": "edofishing:item/fish/edosummer/cono_banana_split.png",
            "ascent": 7,
            "height": 8,
            "chars": [
                "\uE6AE"
            ]
        },
        {
            "type": "bitmap",
            "file": "edofishing:item/fish/edosummer/cono_pistacho.png",
            "ascent": 7,
            "height": 8,
            "chars": [
                "\uE6AF"
            ]
        },
        {
            "type": "bitmap",
            "file": "edofishing:item/fish/edosummer/cono_menta.png",
            "ascent": 7,
            "height": 8,
            "chars": [
                "\uE6B0"
            ]
        },
        {
            "type": "bitmap",
            "file": "edofishing:item/fish/edosummer/cono_tres_sabores.png",
            "ascent": 7,
            "height": 8,
            "chars": [
                "\uE6B1"
            ]
        },
        {
            "type": "bitmap",
            "file": "edofishing:item/fish/edosummer/cono_stracciatella.png",
            "ascent": 7,
            "height": 8,
            "chars": [
                "\uE6B2"
            ]
        },
        {
            "type": "bitmap",
            "file": "edofishing:item/fish/edosummer/cono_macedonia.png",
            "ascent": 7,
            "height": 8,
            "chars": [
                "\uE6B3"
            ]
        },
        {
            "type": "bitmap",
            "file": "edofishing:item/fish/edosummer/cono_cereza.png",
            "ascent": 7,
            "height": 8,
            "chars": [
                "\uE6B4"
            ]
        },
        {
            "type": "bitmap",
            "file": "edofishing:item/fish/edosummer/cono_fresa.png",
            "ascent": 7,
            "height": 8,
            "chars": [
                "\uE6B5"
            ]
        },
        {
            "type": "bitmap",
            "file": "edofishing:item/fish/edosummer/cono_chocolate_blanco.png",
            "ascent": 7,
            "height": 8,
            "chars": [
                "\uE6B6"
            ]
        },
        {
            "type": "bitmap",
            "file": "edofishing:item/fish/edosummer/polo_fresa.png",
            "ascent": 7,
            "height": 8,
            "chars": [
                "\uE6B7"
            ]
        },
        {
            "type": "bitmap",
            "file": "edofishing:item/fish/edosummer/polo_uva.png",
            "ascent": 7,
            "height": 8,
            "chars": [
                "\uE6B8"
            ]
        },
        {
            "type": "bitmap",
            "file": "edofishing:item/fish/edosummer/polo_naranja.png",
            "ascent": 7,
            "height": 8,
            "chars": [
                "\uE6B9"
            ]
        },
        {
            "type": "bitmap",
            "file": "edofishing:item/fish/edosummer/polo_tropical.png",
            "ascent": 7,
            "height": 8,
            "chars": [
                "\uE6BA"
            ]
        },
        {
            "type": "bitmap",
            "file": "edofishing:item/fish/edosummer/polo_manzana_verde.png",
            "ascent": 7,
            "height": 8,
            "chars": [
                "\uE6BB"
            ]
        },
        {
            "type": "bitmap",
            "file": "edofishing:item/fish/edosummer/polo_nata.png",
            "ascent": 7,
            "height": 8,
            "chars": [
                "\uE6BC"
            ]
        },
        {
            "type": "bitmap",
            "file": "edofishing:item/fish/edosummer/polo_melocoton.png",
            "ascent": 7,
            "height": 8,
            "chars": [
                "\uE6BD"
            ]
        },
        {
            "type": "bitmap",
            "file": "edofishing:item/fish/edosummer/polo_vainilla.png",
            "ascent": 7,
            "height": 8,
            "chars": [
                "\uE6BE"
            ]
        },
        {
            "type": "bitmap",
            "file": "edofishing:item/fish/edosummer/polo_chocolate.png",
            "ascent": 7,
            "height": 8,
            "chars": [
                "\uE6BF"
            ]
        },
        {
            "type": "bitmap",
            "file": "edofishing:item/fish/edosummer/polo_pina.png",
            "ascent": 7,
            "height": 8,
            "chars": [
                "\uE6C0"
            ]
        },
        {
            "type": "bitmap",
            "file": "edofishing:item/fish/edosummer/polo_maracuya.png",
            "ascent": 7,
            "height": 8,
            "chars": [
                "\uE6C1"
            ]
        },
        {
            "type": "bitmap",
            "file": "edofishing:item/fish/edosummer/polo_mango.png",
            "ascent": 7,
            "height": 8,
            "chars": [
                "\uE6C2"
            ]
        },
        {
            "type": "bitmap",
            "file": "edofishing:item/fish/edosummer/polo_coco.png",
            "ascent": 7,
            "height": 8,
            "chars": [
                "\uE6C3"
            ]
        },
        {
            "type": "bitmap",
            "file": "edofishing:item/fish/edosummer/polo_frutos_del_bosque.png",
            "ascent": 7,
            "height": 8,
            "chars": [
                "\uE6C4"
            ]
        },
        {
            "type": "bitmap",
            "file": "edofishing:item/fish/edosummer/polo_frambuesa.png",
            "ascent": 7,
            "height": 8,
            "chars": [
                "\uE6C5"
            ]
        },
        {
            "type": "bitmap",
            "file": "edofishing:item/fish/edosummer/polo_limon.png",
            "ascent": 7,
            "height": 8,
            "chars": [
                "\uE6C6"
            ]
        },
        {
            "type": "bitmap",
            "file": "edofishing:item/fish/edosummer/polo_sandia.png",
            "ascent": 7,
            "height": 8,
            "chars": [
                "\uE6C7"
            ]
        },
        {
            "type": "bitmap",
            "file": "edofishing:item/fish/edosummer/polo_kiwi.png",
            "ascent": 7,
            "height": 8,
            "chars": [
                "\uE6C8"
            ]
        },
        {
            "type": "bitmap",
            "file": "edofishing:item/fish/edosummer/ajolote_pirata.png",
            "ascent": 7,
            "height": 8,
            "chars": [
                "\uE6C9"
            ]
        },
        {
            "type": "bitmap",
            "file": "edofishing:item/fish/edosummer/cangrejo_cucurucho_ermitano.png",
            "ascent": 7,
            "height": 8,
            "chars": [
                "\uE6CA"
            ]
        },
        {
            "type": "bitmap",
            "file": "edofishing:item/fish/edosummer/cocoracol.png",
            "ascent": 7,
            "height": 8,
            "chars": [
                "\uE6CB"
            ]
        },
        {
            "type": "bitmap",
            "file": "edofishing:item/fish/edosummer/pez_globo_playero.png",
            "ascent": 7,
            "height": 8,
            "chars": [
                "\uE6CC"
            ]
        },
        {
            "type": "bitmap",
            "file": "edofishing:item/fish/edosummer/rana_veraniega.png",
            "ascent": 7,
            "height": 8,
            "chars": [
                "\uE6CD"
            ]
        }
    ]
}